{
  "Batelov": [49.3175164, 15.3982258],
  "Brno": [49.1905822, 16.6128025],
  "Bystřice nad Pernštejnem": [49.5136908, 16.2469789],
  "Dačice": [49.0859183, 15.4391956],
  "Dačice město": [49.0784492, 15.4396906],
  "Dobronín": [49.4782714, 15.6417169],
  "Havlíčkův Brod": [49.5986939, 15.5877361],
  "Hlinsko v Čechách": [49.7667542, 15.9017544],
  "Horní Cerekev": [49.3111419, 15.3246822],
  "Humpolec": [49.5349275, 15.34822],
  "Jemnice": [49.0160103, 15.5809411],
  "Jihlava": [49.4147033, 15.5993567],
  "Jihlava město": [49.4038733, 15.5834283],
  "Kolín": [50.0254631, 15.2145328],
  "Kostelec u Jihlavy": [49.3572922, 15.4822675],
  "Křižanov": [49.3847047, 16.0803775],
  "Ledeč nad Sázavou": [49.6979675, 15.2703847],
  "Moravské Budějovice": [49.0575675, 15.8093778],
  "Nedvědice": [49.4544258, 16.3359833],
  "Nové Město na Moravě": [49.5685617, 16.0803489],
  "Náměšť nad Oslavou": [49.2070197, 16.1475372],
  "Okříšky": [49.2479933, 15.7708692],
  "Pacov": [49.4599036, 15.0171661],
  "Pelhřimov": [49.4196625, 15.222475],
  "Sedlejov": [49.2248153, 15.4957056],
  "Slavonice": [48.9937819, 15.3491383],
  "Studenec": [49.2225722, 16.0690517],
  "Světlá nad Sázavou": [49.6703339, 15.4171458],
  "Telč": [49.1825867, 15.4644803],
  "Tišnov": [49.3471183, 16.4182664],
  "Tábor": [49.4140969, 14.6771811],
  "Třebíč": [49.2114983, 15.8843594],
  "Velké Meziříčí": [49.3456764, 16.021925],
  "Velké Meziříčí zastávka": [49.3527869, 16.0088786],
  "Zastávka u Brna": [49.1874886, 16.3586636],
  "Znojmo": [48.8527717, 16.0592767],
  "Zruč nad Sázavou": [49.7384872, 15.1040039],
  "Čáslav": [49.9151992, 15.3946428],
  "Žďár nad Sázavou": [49.5535164, 15.9399528]
}
